<linker>
	<assembly fullname="UnityEngine.UI">
		<type fullname="UnityEngine.UI.MaskableGraphic/CullStateChangedEvent" preserve="nothing" serialized="true"/>
		<type fullname="UnityEngine.UI.FontData" preserve="nothing" serialized="true"/>
		<type fullname="UnityEngine.UI.Navigation" preserve="nothing" serialized="true"/>
		<type fullname="UnityEngine.UI.ColorBlock" preserve="nothing" serialized="true"/>
		<type fullname="UnityEngine.UI.SpriteState" preserve="nothing" serialized="true"/>
		<type fullname="UnityEngine.UI.AnimationTriggers" preserve="nothing" serialized="true"/>
		<type fullname="UnityEngine.UI.Button/ButtonClickedEvent" preserve="nothing" serialized="true"/>
	</assembly>
	<assembly fullname="UnityEngine.CoreModule">
		<type fullname="UnityEngine.Events.PersistentCallGroup" preserve="nothing" serialized="true"/>
		<type fullname="UnityEngine.Events.PersistentListenerMode" preserve="nothing" serialized="true"/>
		<type fullname="UnityEngine.Events.ArgumentCache" preserve="nothing" serialized="true"/>
	</assembly>
	<assembly fullname="Unity.InputSystem">
		<type fullname="UnityEngine.InputSystem.PlayerInput/DeviceLostEvent" preserve="nothing" serialized="true"/>
		<type fullname="UnityEngine.InputSystem.PlayerInput/DeviceRegainedEvent" preserve="nothing" serialized="true"/>
		<type fullname="UnityEngine.InputSystem.PlayerInput/ControlsChangedEvent" preserve="nothing" serialized="true"/>
		<type fullname="UnityEngine.InputSystem.PlayerInput/ActionEvent" preserve="nothing" serialized="true"/>
		<type fullname="UnityEngine.InputSystem.InputActionMap" preserve="nothing" serialized="true"/>
		<type fullname="UnityEngine.InputSystem.InputAction" preserve="nothing" serialized="true"/>
		<type fullname="UnityEngine.InputSystem.InputBinding" preserve="nothing" serialized="true"/>
		<type fullname="UnityEngine.InputSystem.InputControlScheme" preserve="nothing" serialized="true"/>
		<type fullname="UnityEngine.InputSystem.InputControlScheme/DeviceRequirement" preserve="nothing" serialized="true"/>
	</assembly>
</linker>
