<linker>
	<assembly fullname="UnityEngine">
		<type fullname="UnityEngine.Object" preserve="nothing"/>
		<type fullname="UnityEditor.MonoScript" preserve="nothing"/>
		<type fullname="UnityEngine.Material" preserve="nothing"/>
		<type fullname="UnityEngine.Texture" preserve="nothing"/>
		<type fullname="UnityEngine.Texture2D" preserve="nothing"/>
		<type fullname="UnityEditor.VFXManager" preserve="nothing"/>
		<type fullname="UnityEngine.Shader" preserve="nothing"/>
		<type fullname="UnityEngine.TextAsset" preserve="nothing"/>
		<type fullname="UnityEditor.TagManager" preserve="nothing"/>
		<type fullname="UnityEngine.Rendering.GraphicsSettings" preserve="nothing"/>
		<type fullname="UnityEditor.TimeManager" preserve="nothing"/>
		<type fullname="UnityEditor.InputManager" preserve="nothing"/>
		<type fullname="UnityEditor.PhysicsManager" preserve="nothing"/>
		<type fullname="UnityEditor.MonoManager" preserve="nothing"/>
		<type fullname="UnityEditor.AudioManager" preserve="nothing"/>
		<type fullname="UnityEditor.Physics2DSettings" preserve="nothing"/>
		<type fullname="UnityEditor.PlayerSettings" preserve="nothing"/>
		<type fullname="UnityEngine.QualitySettings" preserve="nothing"/>
		<type fullname="UnityEngine.Camera" preserve="nothing"/>
		<type fullname="UnityEngine.Transform" preserve="nothing"/>
		<type fullname="UnityEngine.Renderer" preserve="nothing"/>
		<type fullname="UnityEngine.SpriteRenderer" preserve="nothing"/>
		<type fullname="UnityEngine.AudioSource" preserve="nothing"/>
		<type fullname="UnityEngine.AudioBehaviour" preserve="nothing"/>
		<type fullname="UnityEngine.AudioListener" preserve="nothing"/>
		<type fullname="UnityEngine.Canvas" preserve="nothing"/>
		<type fullname="UnityEngine.RectTransform" preserve="nothing"/>
		<type fullname="UnityEngine.Behaviour" preserve="nothing"/>
		<type fullname="UnityEngine.GameObject" preserve="nothing"/>
		<type fullname="UnityEngine.Component" preserve="nothing"/>
		<type fullname="UnityEngine.MonoBehaviour" preserve="nothing"/>
		<type fullname="UnityEngine.LightmapSettings" preserve="nothing"/>
		<type fullname="UnityEngine.Font" preserve="nothing"/>
		<type fullname="UnityEngine.Sprite" preserve="nothing"/>
		<type fullname="UnityEngine.CanvasRenderer" preserve="nothing"/>
		<type fullname="UnityEngine.RenderSettings" preserve="nothing"/>
		<type fullname="UnityEngine.AudioClip" preserve="nothing"/>
		<type fullname="UnityEngine.ParticleSystem" preserve="nothing"/>
		<type fullname="UnityEngine.ParticleSystemRenderer" preserve="nothing"/>
		<type fullname="UnityEngine.Rigidbody2D" preserve="nothing"/>
		<type fullname="UnityEngine.Collider2D" preserve="nothing"/>
		<type fullname="UnityEngine.PolygonCollider2D" preserve="nothing"/>
		<type fullname="UnityEngine.AnimationClip" preserve="nothing"/>
		<type fullname="UnityEngine.Animator" preserve="nothing"/>
		<type fullname="UnityEditor.Animations.AnimatorController" preserve="nothing"/>
		<type fullname="UnityEngine.Motion" preserve="nothing"/>
		<type fullname="UnityEngine.RuntimeAnimatorController" preserve="nothing"/>
	</assembly>
	<assembly fullname="Assembly-CSharp">
		<type fullname="CameraController" preserve="nothing"/>
		<type fullname="Controller" preserve="nothing"/>
		<type fullname="CursorChanger" preserve="nothing"/>
		<type fullname="Damage" preserve="nothing"/>
		<type fullname="Enemy" preserve="nothing"/>
		<type fullname="EnemySpawner" preserve="nothing"/>
		<type fullname="GameManager" preserve="nothing"/>
		<type fullname="Health" preserve="nothing"/>
		<type fullname="HighScoreDisplay" preserve="nothing"/>
		<type fullname="HighlightFix" preserve="nothing"/>
		<type fullname="InputManager" preserve="nothing"/>
		<type fullname="LevelLoadButton" preserve="nothing"/>
		<type fullname="Projectile" preserve="nothing"/>
		<type fullname="QuitGameButton" preserve="nothing"/>
		<type fullname="ScoreDisplay" preserve="nothing"/>
		<type fullname="ScoreReseter" preserve="nothing"/>
		<type fullname="ScreenshotUtility" preserve="nothing"/>
		<type fullname="ShootingController" preserve="nothing"/>
		<type fullname="TimedObjectDestroyer" preserve="nothing"/>
		<type fullname="UIManager" preserve="nothing"/>
		<type fullname="UIPage" preserve="nothing"/>
	</assembly>
	<assembly fullname="Unity.InputSystem">
		<type fullname="UnityEngine.InputSystem.InputActionAsset" preserve="nothing"/>
		<type fullname="UnityEngine.InputSystem.InputActionReference" preserve="nothing"/>
		<type fullname="UnityEngine.InputSystem.InputSettings" preserve="nothing"/>
		<type fullname="UnityEngine.InputSystem.InputSystemObject" preserve="nothing"/>
		<type fullname="UnityEngine.InputSystem.PlayerInput" preserve="nothing"/>
		<type fullname="UnityEngine.InputSystem.RemoteInputPlayerConnection" preserve="nothing"/>
		<type fullname="UnityEngine.InputSystem.UI.InputSystemUIInputModule" preserve="nothing"/>
	</assembly>
	<assembly fullname="UnityEngine.UI">
		<type fullname="UnityEngine.EventSystems.EventSystem" preserve="nothing"/>
		<type fullname="UnityEngine.UI.Button" preserve="nothing"/>
		<type fullname="UnityEngine.UI.CanvasScaler" preserve="nothing"/>
		<type fullname="UnityEngine.UI.GraphicRaycaster" preserve="nothing"/>
		<type fullname="UnityEngine.UI.Image" preserve="nothing"/>
		<type fullname="UnityEngine.UI.Text" preserve="nothing"/>
	</assembly>
</linker>
